{
    "camera_poses": {
      "cam1": {
        "R": [
          [1.0, 0, 0.0],
          [0, 1.0, 0.0],
          [0.0, 0.0, 1.0]
        ],
        "T": [0.0, 0.0, 0.0]
      },
      "cam2_to_cam1": {
        "R": [
          [-0.10295383009653987, 0.507146464358121, -0.8556885955518575],
          [-0.3335246073128915, 0.7928579445719768, 0.5100368771430968],
          [0.9371028999983059, 0.3379034528059129, 0.08751806325900859]
        ],
        "T": [0.6838683052146917, -0.874849678406802, 0.5652733686893753]
      },
      "cam3_to_cam1": {
        "R": [
          [0.7199357026779389, -0.3618618223254731, 0.592240327530058],
          [0.18967521193107112, 0.9234206934488517, 0.3336428283199647],
          [-0.6676195757978685, -0.12786807441159803, 0.7334397436447964]
        ],
        "T": [-0.7351442693664737, -0.6106823814755585, -0.16991916505884871]
      }
    },
    "camera_pairs": {
      "1to2": {
        "R": [
          [-0.10295383009653987, 0.507146464358121, -0.8556885955518575],
          [-0.3335246073128915, 0.7928579445719768, 0.5100368771430968],
          [0.9371028999983059, 0.3379034528059129, 0.08751806325900859]
        ],
        "T": [0.6838683052146917, -0.874849678406802, 0.5652733686893753]
      },
      "1to3": {
        "R": [
          [0.7199357026779389, -0.3618618223254731, 0.592240327530058],
          [0.18967521193107112, 0.9234206934488517, 0.3336428283199647],
          [-0.6676195757978685, -0.12786807441159803, 0.7334397436447964]
        ],
        "T": [-0.7351442693664737, -0.6106823814755585, -0.16991916505884871]
      }
    }
  }